Date,Open,High,Low,Close,Adj Close,Volume,Ticker,Company_Name,MA7,MA20,MACD,20SD,Upper_Band,Lower_Band,EMA,Log_Momentum
2024-01-02,250.08,251.25,244.41,248.42,248.42,104654200,TSLA,"Tesla, Inc.",248.42,248.42,0.0,,,,248.42,
2024-01-03,244.98,245.68,236.32,238.45,238.45,121082600,TSLA,"Tesla, Inc.",243.435,243.435,-0.7953276353276237,7.0498546084298885,257.53470921685977,229.33529078314024,247.47047619047618,-0.04096121737181431
2024-01-04,239.25,242.7,237.73,237.93,237.93,102629300,TSLA,"Tesla, Inc.",241.6,241.6,-1.4508654962215815,5.912013193490017,253.42402638698002,229.77597361301997,246.56185941043083,-0.0021831319808953103
2024-01-05,236.86,240.12,234.9,237.49,237.49,92379400,TSLA,"Tesla, Inc.",240.5725,240.5725,-1.9830291707542358,5.246359849139844,251.0652196982797,230.0797803017203,245.6978727999136,-0.001850995438251376
2024-01-08,236.14,241.25,235.3,240.45,240.45,85166600,TSLA,"Tesla, Inc.",240.548,240.548,-2.1412425434421607,4.543811175654198,249.6356223513084,231.4603776486916,245.19807539039803,0.012386650398585053
2024-01-09,238.11,238.96,232.04,234.96,234.96,96705700,TSLA,"Tesla, Inc.",239.61666666666667,239.61666666666667,-2.6787459830871683,4.660607971785081,248.93788261023684,230.2954507230965,244.2230205913125,-0.023096880833306986
2024-01-10,235.1,235.5,231.29,233.94,233.94,91628500,TSLA,"Tesla, Inc.",238.80571428571426,238.80571428571426,-3.1507074132012463,4.764930419718834,248.33557512515193,229.27585344627659,243.2436852969018,-0.004350614667803731
2024-01-11,230.57,230.93,225.37,227.22,227.22,105873600,TSLA,"Tesla, Inc.",235.77714285714282,237.3575,-4.020640642912269,6.019937707318908,249.3973754146378,225.31762458536218,241.71762003053018,-0.029145961080802474
2024-01-12,220.08,225.34,217.15,218.89,218.89,122889000,TSLA,"Tesla, Inc.",232.98285714285717,235.30555555555554,-5.320894419547244,8.342899842247773,251.9913552400511,218.61975587106,239.5435609800035,-0.037349390616695295
2024-01-16,215.1,223.49,212.18,219.91,219.91,115355000,TSLA,"Tesla, Inc.",230.40857142857143,233.766,-6.197607271104033,9.25054136553941,252.2670827310788,215.26491726892118,237.67369802952697,0.0046490512176933
2024-01-17,214.86,215.67,212.01,215.55,215.55,103164400,TSLA,"Tesla, Inc.",227.27428571428572,232.11,-7.1616688240775375,10.352823769387761,252.81564753877552,211.4043524612245,235.56667916957204,-0.020025470549612796
2024-01-18,216.88,217.45,208.74,211.88,211.88,108595400,TSLA,"Tesla, Inc.",223.19285714285712,230.42416666666668,-8.12813677784223,11.469160592518092,253.36248785170287,207.4858454816305,233.31080496294615,-0.017172824516817793
2024-01-19,209.99,213.19,207.56,212.19,212.19,102095800,TSLA,"Tesla, Inc.",219.94,229.02153846153846,-8.767983331044292,12.089482926738334,253.2005043150151,204.8425726080618,231.29929972837985,0.001462023039682435
2024-01-22,212.26,217.8,206.27,208.8,208.8,117952500,TSLA,"Tesla, Inc.",216.3485714285714,227.57714285714286,-9.439794923085287,12.810962510270675,253.1990678776842,201.95521783660152,229.15650927805797,-0.016105243707524548
2024-01-23,211.3,215.65,207.75,209.14,209.14,106605900,TSLA,"Tesla, Inc.",213.7657142857143,226.34799999999998,-9.831444518865737,13.231013998502604,252.8100279970052,199.88597200299478,227.25017506110007,0.0016270281619588474
2024-01-24,211.88,212.73,206.77,207.83,207.83,123369900,TSLA,"Tesla, Inc.",212.18571428571428,225.190625,-10.13075466349298,13.594901725156644,252.3804284503133,198.00082154968672,225.40063457909054,-0.0062834463394608134
2024-01-25,189.7,193.0,180.06,182.63,182.63,198076800,TSLA,"Tesla, Inc.",206.85999999999999,222.6870588235294,-12.260063128218064,16.727921555256774,256.142901934043,189.23121571301587,221.32724080965335,-0.12925818962703148
2024-01-26,185.5,186.78,182.1,183.25,183.25,107343200,TSLA,"Tesla, Inc.",202.24571428571429,220.4961111111111,-13.739150237296514,18.70207731113404,257.9002657333792,183.09195648884304,217.7008369230197,0.003389092562810636
2024-01-29,185.63,191.48,183.67,190.93,190.93,125013100,TSLA,"Tesla, Inc.",199.25285714285715,218.93999999999997,-14.128758083585353,19.399595642979566,257.7391912859591,180.14080871404084,215.15123340654162,0.04105552795861218
2024-01-30,195.33,196.36,190.61,191.59,191.59,109982300,TSLA,"Tesla, Inc.",196.31,217.5725,-14.220345335423218,19.847867411625725,257.2682348232514,177.87676517674853,212.90730641544243,0.003450803382527881
2024-01-31,187.0,193.97,185.85,187.29,187.29,103221400,TSLA,"Tesla, Inc.",193.23714285714286,214.516,-14.473066454835532,19.552139040336034,253.62027808067205,175.41172191932793,210.46756294730505,-0.02269945436613868
2024-02-01,188.5,189.88,184.28,188.86,188.86,91843300,TSLA,"Tesla, Inc.",190.33999999999997,212.03650000000002,-14.38088993637129,19.501514455360454,251.03952891072092,173.03347108927912,208.4096998094665,0.00834778209316079
2024-02-02,185.04,188.69,182.0,187.91,187.91,110505100,TSLA,"Tesla, Inc.",187.49428571428572,209.5355,-14.220570556533232,19.211272588604995,247.95804517721,171.11295482279002,206.45734744666015,-0.00504287503386201
2024-02-05,184.26,184.68,175.01,181.06,181.06,134294400,TSLA,"Tesla, Inc.",187.26999999999998,206.714,-14.47934516712695,19.032616989622998,244.779233979246,168.648766020754,204.03855245174014,-0.037134656753766884
2024-02-06,177.21,186.49,177.11,185.1,185.1,122676000,TSLA,"Tesla, Inc.",187.53428571428572,203.94650000000001,-14.19480282309496,17.856792685138117,239.66008537027625,168.23291462972378,202.23488078966966,0.02206775153215738
2024-02-07,188.18,189.79,182.68,187.58,187.58,111535200,TSLA,"Tesla, Inc.",187.0557142857143,201.57750000000001,-13.612271894601577,16.626259786063933,234.83001957212787,168.32498042787216,200.83917785732018,0.013309201501340776
2024-02-08,189.0,191.62,185.58,189.56,189.56,83034000,TSLA,"Tesla, Inc.",186.76571428571427,199.3585,-12.842798695416121,14.957531908355621,229.27356381671123,169.44343618328875,199.76497044233733,0.010500176018595143
2024-02-09,190.18,194.12,189.48,193.57,193.57,84476300,TSLA,"Tesla, Inc.",187.66285714285712,197.676,-11.773692357645018,13.477964237970182,224.63192847594036,170.72007152405962,199.17497325735283,0.020933607058066798
2024-02-12,192.11,194.73,187.28,188.13,188.13,95498600,TSLA,"Tesla, Inc.",187.55857142857144,196.138,-11.235860413720161,12.660003991019716,221.45800798203945,170.81799201796056,198.12307104236686,-0.028505990934415217
2024-02-13,183.99,187.26,182.11,184.02,184.02,86759500,TSLA,"Tesla, Inc.",187.00285714285715,194.3435,-11.014301364619826,11.613448771507326,217.57039754301465,171.11660245698536,196.7799214192843,-0.022088765868823877
2024-02-14,185.3,188.89,183.35,188.71,188.71,81203000,TSLA,"Tesla, Inc.",188.0957142857143,193.0015,-10.341065057038378,10.534587282401269,214.07067456480252,171.93232543519747,196.01135747459057,0.025166997786789214
2024-02-15,189.16,200.88,188.86,200.45,200.45,120831800,TSLA,"Tesla, Inc.",190.28857142857143,192.43,-8.759229601730567,9.736321579258833,211.90264315851766,172.95735684148235,196.43408533415337,0.06035339394751155
2024-02-16,202.06,203.17,197.4,199.95,199.95,111173600,TSLA,"Tesla, Inc.",192.05571428571426,191.81799999999998,-7.459965588577944,8.765137642658063,209.3482752853161,174.28772471468386,196.7689343499483,-0.002497503795688609
2024-02-20,196.13,198.6,189.13,193.76,193.76,104545800,TSLA,"Tesla, Inc.",192.6557142857143,191.066,-6.850799018859192,7.826399588975795,206.71879917795158,175.41320082204842,196.48236917376272,-0.03144705548804522
2024-02-21,193.36,199.44,191.95,194.77,194.77,103844000,TSLA,"Tesla, Inc.",192.82714285714286,190.34750000000003,-6.214890179121028,6.651170751711763,203.64984150342354,177.0451584965765,196.31928639530912,0.005199095437026451
2024-02-22,194.0,198.32,191.36,197.41,197.41,92739500,TSLA,"Tesla, Inc.",194.15285714285713,189.82649999999998,-5.435247752783482,5.521897342686028,200.87029468537204,178.78270531462792,196.42316388147015,0.013463409035767935
2024-02-23,195.31,197.57,191.5,191.97,191.97,78841900,TSLA,"Tesla, Inc.",195.28857142857143,190.29350000000002,-5.196436760606957,5.270468145590972,200.83443629118196,179.7525637088181,195.99905303561584,-0.027943674458097863
2024-02-26,192.29,201.78,192.0,199.4,199.4,111747100,TSLA,"Tesla, Inc.",196.81571428571428,191.101,-4.357408926159735,5.370755018960446,201.8425100379209,180.3594899620791,196.32295274650957,0.03797374770825945
2024-02-27,204.04,205.6,198.26,199.73,199.73,108645400,TSLA,"Tesla, Inc.",196.71285714285713,191.541,-3.6240690681038643,5.706015200968941,202.95303040193787,180.12896959806213,196.64743343731817,0.00165359694934237
2024-02-28,200.42,205.3,198.44,202.04,202.04,99806200,TSLA,"Tesla, Inc.",197.01142857142855,192.0635,-2.823941611585923,6.170302624157783,204.40410524831557,179.72289475168444,197.1610112051926,0.011499243122771534
2024-02-29,204.18,205.28,198.45,201.88,201.88,85907000,TSLA,"Tesla, Inc.",198.17142857142858,192.793,-2.177642987686312,6.4331134313842595,205.65922686276852,179.9267731372315,197.61043870945997,-0.0007922361277902091
2024-03-01,200.52,204.52,198.5,202.64,202.64,82099200,TSLA,"Tesla, Inc.",199.29571428571427,193.482,-1.5858404420363286,6.721193972878352,206.9243879457567,180.0396120542433,198.08944454665428,0.00375754422135818
2024-03-04,198.73,199.75,186.72,188.14,188.14,134334900,TSLA,"Tesla, Inc.",197.97142857142856,193.49349999999998,-2.2608003798656853,6.711348029153659,206.9161960583073,180.07080394169267,197.14187839935389,-0.0742446391496144
2024-03-05,183.05,184.59,177.57,180.74,180.74,119660800,TSLA,"Tesla, Inc.",196.36714285714285,193.4775,-3.3541644293916875,6.742857332022059,206.9632146640441,179.99178533595588,195.57979474227258,-0.040126832069995455
2024-03-06,179.99,181.58,173.7,176.54,176.54,107920900,TSLA,"Tesla, Inc.",193.10142857142856,193.0495,-4.507607323699574,7.528504062631329,208.10650812526265,177.99249187473734,193.76648095729425,-0.023512054881722994
2024-03-07,174.35,180.04,173.7,178.65,178.65,102129000,TSLA,"Tesla, Inc.",190.08999999999997,192.603,-5.191614066263298,8.112148200141355,208.8272964002827,176.3787035997173,192.3268161042186,0.011881104877332176
2024-03-08,181.5,182.73,174.7,175.34,175.34,85315300,TSLA,"Tesla, Inc.",186.27571428571426,191.892,-5.932398675778899,8.970633140830847,209.83326628166168,173.9507337183383,190.709024094293,-0.018701638308979297
2024-03-11,175.45,182.87,174.8,177.77,177.77,85391500,TSLA,"Tesla, Inc.",182.8314285714286,191.102,-6.2513336413449,9.495445223895748,210.0928904477915,172.11110955220852,189.47673608531272,0.013763633774154486
2024-03-12,177.77,179.43,172.41,177.54,177.54,87391700,TSLA,"Tesla, Inc.",179.24571428571429,190.5725,-6.4483187723001265,9.954088752605216,210.48067750521042,170.66432249478956,188.3399040771877,-0.001294644294420843
2024-03-13,173.05,176.05,169.15,169.48,169.48,106524500,TSLA,"Tesla, Inc.",176.57999999999998,189.8455,-7.172129700857056,10.939983390250301,211.7254667805006,167.96553321949938,186.54372273650316,-0.046461009881814855
2024-03-14,167.77,171.17,160.51,162.5,162.5,126325700,TSLA,"Tesla, Inc.",173.97428571428574,188.535,-8.214293480201007,12.536515716729072,213.60803143345814,163.46196856654186,184.25384438064572,-0.042056923988566246
2024-03-15,163.16,165.18,160.76,163.57,163.57,96971900,TSLA,"Tesla, Inc.",172.1214285714286,186.69099999999997,-8.851837256265924,13.375935933805508,213.442871867611,159.93912813238896,182.28395443963186,0.006563031500642099
2024-03-18,170.02,174.72,165.9,173.8,173.8,108214400,TSLA,"Tesla, Inc.",171.42857142857142,185.3835,-8.434393351402093,13.289456158925645,211.9624123178513,158.8045876821487,181.47595877871456,0.060664179560857595
2024-03-19,172.36,172.82,167.42,171.32,171.32,77271400,TSLA,"Tesla, Inc.",170.8542857142857,184.2615,-8.209052476065438,13.49078019475394,211.2430603895079,157.27993961049214,180.5087246093132,-0.014372060084121584
2024-03-20,173.0,176.25,170.82,175.66,175.66,83846700,TSLA,"Tesla, Inc.",170.55285714285714,183.30599999999998,-7.592742075433392,13.383649647788324,210.07329929557665,156.53870070442332,180.04694131318814,0.02501715574180114
2024-03-21,176.39,178.18,171.8,172.82,172.82,73178000,TSLA,"Tesla, Inc.",169.87857142857143,182.0765,-7.24990353276803,13.147181917370327,208.37086383474067,155.78213616525935,179.35866118812262,-0.016299718075718082
2024-03-22,166.69,171.2,166.3,170.83,170.83,75454700,TSLA,"Tesla, Inc.",170.07142857142858,181.0195,-7.057424292414623,13.159701034438367,207.33890206887673,154.70009793112325,178.54640774163474,-0.011581680454286902
2024-03-25,168.76,175.24,168.73,172.63,172.63,74228600,TSLA,"Tesla, Inc.",171.51857142857145,179.68099999999998,-6.682605237523347,12.538543061507285,204.75808612301455,154.60391387698542,177.98294033766953,0.01048166586949124
2024-03-26,178.58,184.25,177.38,177.67,177.67,113186200,TSLA,"Tesla, Inc.",173.53285714285715,178.578,-5.910737257337615,11.61857795447534,201.8151559089507,155.34084409104932,177.9531364959867,0.028777321219357156
2024-03-27,181.41,181.91,176.0,179.83,179.83,81804000,TSLA,"Tesla, Inc.",174.39428571428567,177.46750000000003,-5.0663308653705315,10.237376244352426,197.94225248870487,156.9927475112952,178.13188540113083,0.01208406312929099
2024-03-28,177.45,179.57,175.3,175.79,175.79,77654800,TSLA,"Tesla, Inc.",175.03285714285715,176.163,-4.669302143853685,8.473124757603046,193.1092495152061,159.21675048479392,177.9088486962612,-0.02272185936530601
2024-04-01,176.17,176.75,170.21,175.22,175.22,81562100,TSLA,"Tesla, Inc.",174.97,174.792,-4.350498420228178,5.741574696893836,186.27514939378767,163.30885060621233,177.65276786804586,-0.0032477735735818264
2024-04-02,164.75,167.69,163.43,166.63,166.63,116650600,TSLA,"Tesla, Inc.",174.08571428571426,173.7165,-4.736387258752586,5.08694435734743,183.89038871469486,163.54261128530513,176.6029804520415,-0.050266541687685684
2024-04-03,164.02,168.82,163.28,168.38,168.38,82950100,TSLA,"Tesla, Inc.",173.7357142857143,173.0985,-4.845144756072273,4.937361616982735,182.97322323396548,163.22377676603452,175.81983945660897,0.01044754435898571
2024-04-04,170.07,177.19,168.01,171.11,171.11,123162000,TSLA,"Tesla, Inc.",173.51857142857142,172.827,-4.657360518860372,4.887197130205213,182.60139426041042,163.05260573958958,175.37128331788432,0.01608329463436114
2024-04-05,169.08,170.86,160.51,164.9,164.9,141250700,TSLA,"Tesla, Inc.",171.69428571428574,172.1395,-4.952545398322741,4.990971295619412,182.12144259123883,162.15755740876116,174.3740182399906,-0.036967394978325886
2024-04-08,169.34,174.5,167.79,172.98,172.98,104423300,TSLA,"Tesla, Inc.",170.71571428571428,172.0215,-4.482817934672767,4.938947549301329,181.89939509860267,162.14360490139734,174.24125459808673,0.047836751312812426
2024-04-09,172.91,179.22,171.92,176.88,176.88,103232700,TSLA,"Tesla, Inc.",170.87142857142857,171.977,-3.752600486688607,4.888175959449403,181.7533519188988,162.2006480811012,174.49256368398324,0.02229555567082517
2024-04-10,173.04,174.93,170.01,171.76,171.76,84532400,TSLA,"Tesla, Inc.",170.37714285714284,171.688,-3.5461611700436038,4.709568758893935,181.10713751778786,162.2688624822121,174.23231952360388,-0.029373382978665246
2024-04-11,172.55,175.88,168.51,174.6,174.6,94516000,TSLA,"Tesla, Inc.",171.51571428571427,171.944,-3.1174561650363444,4.722368272940595,181.3887365458812,162.4992634541188,174.2673367118321,0.016399489834976244
2024-04-12,172.34,173.81,170.36,171.05,171.05,64506600,TSLA,"Tesla, Inc.",171.89714285714285,172.3715,-3.029240492565833,4.178072175690089,180.72764435138018,164.01535564861982,173.9609236916576,-0.02054173198188807
2024-04-15,170.24,170.69,161.38,161.48,161.48,100245300,TSLA,"Tesla, Inc.",170.52142857142857,172.267,-3.689023193706447,4.428433369180999,181.12386673836198,163.410133261638,172.7722642924521,-0.05757461543887375
2024-04-16,156.74,158.19,153.75,157.11,157.11,97000000,TSLA,"Tesla, Inc.",169.40857142857143,171.4325,-4.512510800654724,5.553880459454248,182.5402609189085,160.3247390810915,171.2806200741233,-0.027435099025233882
2024-04-17,157.64,158.33,153.78,155.45,155.45,82439700,TSLA,"Tesla, Inc.",166.9042857142857,170.63899999999998,-5.238690426603881,6.6050259173173895,183.84905183463476,157.4289481653652,169.77294197182584,-0.010622060454743306
2024-04-18,151.25,152.2,148.7,149.93,149.93,96098800,TSLA,"Tesla, Inc.",163.05428571428573,169.35250000000002,-6.1882762825287045,7.945377918209542,185.2432558364191,153.46174416358093,167.88313797450908,-0.03615561799795096
2024-04-19,148.97,150.94,146.22,147.05,147.05,86005100,TSLA,"Tesla, Inc.",159.52428571428572,168.064,-7.091475727683104,9.323498552752197,186.7109971055044,149.4170028944956,165.8990295959844,-0.01939585350680777
2024-04-22,140.56,144.44,138.8,142.05,142.05,107097600,TSLA,"Tesla, Inc.",154.8742857142857,166.625,-8.11715648126355,10.952740344436478,188.53048068887296,144.71951931112704,163.6276934439859,-0.03459355669980712
2024-04-23,143.33,147.26,141.11,144.68,144.68,124545100,TSLA,"Tesla, Inc.",151.10714285714286,165.2275,-8.61844873570675,11.889293668985715,189.00608733797142,141.44891266202856,161.82315121122534,0.018345298783700142
2024-04-24,162.84,167.97,157.51,162.13,162.13,181178000,TSLA,"Tesla, Inc.",151.20000000000002,164.4505,-7.520960345476141,11.535881995801983,187.52226399160398,141.37873600839603,161.85237490539436,0.11387407547808058
2024-04-25,158.96,170.88,158.36,170.18,170.18,126427500,TSLA,"Tesla, Inc.",153.06714285714287,163.96800000000002,-5.93323057711342,11.050355840901332,186.06871168180268,141.86728831819735,162.64548205726157,0.048458217859433564
2024-04-26,168.85,172.12,166.37,168.29,168.29,109815700,TSLA,"Tesla, Inc.",154.90142857142857,163.593,-4.772436820394859,10.7512653355689,185.0955306711378,142.09046932886218,163.18305519466523,-0.01116801869642937
2024-04-29,188.42,198.87,184.54,194.05,194.05,243869700,TSLA,"Tesla, Inc.",161.20428571428573,164.5345,-1.7536675030752917,12.504562735679405,189.5436254713588,139.5253745286412,166.12276422374472,0.14242717608993344
2024-04-30,186.98,190.95,182.84,183.28,183.28,127031800,TSLA,"Tesla, Inc.",166.38000000000002,165.36700000000002,-0.2276953313511001,13.187033543759034,191.74106708751808,138.99293291248196,167.75678667862618,-0.05710081966967529
2024-05-01,182.0,185.86,179.01,179.99,179.99,92829700,TSLA,"Tesla, Inc.",171.79999999999998,165.9475,0.7080115875934894,13.576437744935912,193.10037548987182,138.79462451012816,168.92185461399512,-0.01811374435385225
2024-05-02,182.86,184.6,176.02,180.01,180.01,89148000,TSLA,"Tesla, Inc.",176.84714285714284,166.3925,1.4346422324920525,13.896640213034999,194.18578042607,138.59921957393001,169.97786846028131,0.00011111111122521166
2024-05-03,182.1,184.78,178.42,181.19,181.19,75491500,TSLA,"Tesla, Inc.",179.57,167.207,2.0817216012017923,14.276749261428494,195.76049852285698,138.653501477143,171.0456905116831,0.006533799545403051
2024-05-06,183.8,187.56,182.2,184.76,184.76,84390300,TSLA,"Tesla, Inc.",181.65285714285713,167.796,2.849755618268432,14.762198666651889,197.32039733330376,138.27160266669623,172.35181522485615,0.019511481114388537
2024-05-07,182.4,183.26,177.4,177.81,177.81,75045900,TSLA,"Tesla, Inc.",183.01285714285717,167.8425,2.8645998696081563,14.793749702599827,197.42999940519965,138.25500059480035,172.87164234629844,-0.03834212109454811
2024-05-08,171.59,176.06,170.15,174.72,174.72,79969500,TSLA,"Tesla, Inc.",180.25142857142856,167.9905,2.5970892418018536,14.849704400744422,197.68990880148885,138.29109119851114,173.04767640855573,-0.0175308719113163
2024-05-09,175.01,175.62,171.37,171.97,171.97,65950300,TSLA,"Tesla, Inc.",178.6357142857143,167.859,2.1385314651240037,14.799654654577298,197.4583093091546,138.25969069084542,172.94504056012184,-0.01586464956043211
2024-05-10,173.05,173.06,167.75,168.47,168.47,72627200,TSLA,"Tesla, Inc.",176.99,167.73,1.4756895436228206,14.781609840396236,197.29321968079245,138.16678031920753,172.51884622106263,-0.020562350597995414
2024-05-13,170.0,175.4,169.0,171.89,171.89,67018900,TSLA,"Tesla, Inc.",175.83,168.25050000000002,1.2123724878184987,14.733150045498494,197.716800090997,138.78419990900304,172.45895610477095,0.020097044941952812
2024-05-14,174.5,179.49,174.07,177.55,177.55,86407400,TSLA,"Tesla, Inc.",175.31,169.27249999999998,1.443763712042255,14.628250920736013,198.529001841472,140.01599815852796,172.9438174281261,0.032397522049031555
2024-05-15,179.9,180.0,173.11,173.99,173.99,79663000,TSLA,"Tesla, Inc.",173.77142857142857,170.1995,1.3246113810261875,14.289737751267994,198.77897550253599,141.62002449746402,173.04345386354268,-0.020254433090472083
2024-05-16,174.1,175.79,171.43,174.84,174.84,59812200,TSLA,"Tesla, Inc.",173.34714285714287,171.445,1.2839693965432275,13.493452018235889,198.43190403647176,144.45809596352822,173.21455349558624,0.004873443696488967
2024-05-17,173.55,179.63,172.75,177.46,177.46,77445800,TSLA,"Tesla, Inc.",173.73857142857145,172.9655,1.4464981050361132,12.256507390813464,197.47851478162693,148.45248521837306,173.61888173410185,0.014873961412078059
2024-05-20,177.56,177.75,173.52,174.95,174.95,61727400,TSLA,"Tesla, Inc.",174.16428571428574,174.6105,1.3571231831427042,9.86292124709143,194.33634249418287,154.88465750581713,173.74565490228264,-0.014245012593494736
2024-05-21,175.51,186.88,174.71,186.6,186.6,115266500,TSLA,"Tesla, Inc.",176.75428571428571,176.7065,2.2009790342730184,7.284865548014079,191.27623109602817,162.13676890397184,174.9698782449224,0.06446706959954646
2024-05-22,182.85,183.8,178.12,180.11,180.11,88313500,TSLA,"Tesla, Inc.",177.92857142857142,177.6055,2.3193164785002125,6.453320218470161,190.51214043694034,164.69885956305967,175.45941365016787,-0.035399513064277216
2024-05-23,181.8,181.9,173.26,173.74,173.74,71975500,TSLA,"Tesla, Inc.",177.3842857142857,177.7835,1.877451895162551,6.284617205611099,190.3527344112222,165.2142655887778,175.2956599691995,-0.03600784651719167
2024-05-24,174.84,180.08,173.73,179.24,179.24,65479700,TSLA,"Tesla, Inc.",178.1342857142857,178.33100000000002,1.9486126700955424,5.877842335953387,190.0866846719068,166.57531532809324,175.67131140070433,0.031165761086167757
2024-05-28,176.4,178.25,173.16,176.75,176.75,59736600,TSLA,"Tesla, Inc.",178.40714285714287,177.466,1.7835265231616688,4.5703833767570154,186.60676675351405,168.32523324648596,175.7740436482563,-0.01398938514126017
2024-05-29,174.19,178.15,173.93,176.19,176.19,54782600,TSLA,"Tesla, Inc.",178.22571428571428,177.11149999999998,1.5891880715962259,4.36608854817868,185.84367709635734,168.37932290364262,175.81365853889858,-0.003173346574144334
2024-05-30,178.58,182.67,175.38,178.79,178.79,77784800,TSLA,"Tesla, Inc.",178.77428571428572,177.0515,1.6262256030295816,4.3325661230426755,185.71663224608537,168.38636775391464,176.09711963043205,0.014648974561190858
2024-05-31,178.5,180.32,173.82,178.08,178.08,67314600,TSLA,"Tesla, Inc.",177.55714285714288,176.955,1.5800729498445776,4.284428967663969,185.52385793532795,168.38614206467207,176.28596537991473,-0.003979045236493952
2024-06-03,178.13,182.64,174.49,176.29,176.29,68568900,TSLA,"Tesla, Inc.",177.01142857142855,176.71,1.3831149115960102,4.168028689669208,185.04605737933844,168.37394262066158,176.28634962944668,-0.010102521229582731
2024-06-04,174.78,177.76,174.0,174.77,174.77,60056300,TSLA,"Tesla, Inc.",177.1585714285714,176.2105,1.0917875037192175,3.727902578071219,183.66630515614244,168.75469484385755,176.14193537902318,-0.008659542519382175
2024-06-05,175.35,176.15,172.13,175.0,175.0,57953800,TSLA,"Tesla, Inc.",176.55285714285714,176.07,0.8694450900981678,3.7173844795006348,183.50476895900127,168.63523104099872,176.03317962864,0.001315150145244329
2024-06-06,174.6,179.73,172.73,177.94,177.94,69887000,TSLA,"Tesla, Inc.",176.72285714285712,176.23100000000002,0.919866901761452,3.725558806550196,183.68211761310042,168.77988238689963,176.21478156876952,0.016660440893107167
2024-06-07,176.13,179.35,175.58,177.48,177.48,56244900,TSLA,"Tesla, Inc.",176.90714285714284,176.50650000000002,0.9121931997681543,3.5953321711718944,183.6971643423438,169.31583565765624,176.33527856222003,-0.002588488305912631
2024-06-10,176.06,178.57,173.17,173.79,173.79,50869700,TSLA,"Tesla, Inc.",176.19285714285712,176.7725,0.6014267016279291,3.137051708382172,183.04660341676436,170.49839658323566,176.09287108010383,-0.021010252734066218
2024-06-11,173.92,174.75,167.41,170.66,170.66,64761900,TSLA,"Tesla, Inc.",175.13285714285715,176.71099999999998,0.10140820078723323,3.247906046088991,183.20681209217796,170.215187907822,175.57545478676062,-0.018174400668203614
2024-06-12,171.12,180.55,169.8,177.29,177.29,90389400,TSLA,"Tesla, Inc.",175.2757142857143,176.698,0.2373890539657566,3.244890071937456,183.18778014387493,170.20821985612508,175.7387448070691,0.03811353680185033
2024-06-13,188.39,191.08,181.23,182.47,182.47,118984100,TSLA,"Tesla, Inc.",176.3757142857143,177.122,0.7544408443026214,3.421634881627291,183.96526976325458,170.27873023674545,176.37981673020536,0.028798966038154735
2024-06-14,185.8,186.0,176.92,178.01,178.01,82038200,TSLA,"Tesla, Inc.",176.8057142857143,177.28050000000002,0.7951573085915697,3.3835725047274336,184.0476450094549,170.51335499054514,176.5350722797096,-0.02474604745910234
2024-06-17,177.92,188.81,177.0,187.44,187.44,109786100,TSLA,"Tesla, Inc.",178.16285714285712,177.7795,1.5702467628510988,4.076414155655858,185.93232831131172,169.6266716886883,177.57363682449915,0.051619065710198773
2024-06-18,186.56,187.2,182.37,184.86,184.86,68982300,TSLA,"Tesla, Inc.",179.21714285714285,178.275,1.9538040644749515,4.309981682707405,186.8949633654148,169.6550366345852,178.26757617454683,-0.013860012362908552
2024-06-20,184.68,185.21,179.66,181.57,181.57,55893100,TSLA,"Tesla, Inc.",180.32857142857142,178.02349999999998,1.9695962060380623,3.9285008189156376,185.88050163783126,170.1664983621687,178.58209272935187,-0.01795752755405604
2024-06-21,182.3,183.95,180.69,183.01,183.01,63029500,TSLA,"Tesla, Inc.",182.09285714285713,178.1685,2.074395220584222,4.060855853532374,186.29021170706474,170.04678829293525,179.0037981836993,0.007899541874615243
2024-06-24,184.97,188.8,182.55,182.58,182.58,61992100,TSLA,"Tesla, Inc.",182.84857142857143,178.6105,2.0985608847376795,4.034475737155236,186.67945147431047,170.54154852568954,179.3443888328708,-0.0023523630202561424
2024-06-25,184.4,187.97,182.01,187.35,187.35,63678300,TSLA,"Tesla, Inc.",183.54571428571427,179.016,2.4740916941486546,4.483636212296935,187.98327242459385,170.04872757540613,180.106827991645,0.025790092102761505
2024-06-26,186.54,197.76,186.36,196.37,196.37,95737100,TSLA,"Tesla, Inc.",186.1685714285714,179.99699999999999,3.4596603716740617,5.888151438985795,191.7733028779716,168.22069712202838,181.65570151625022,0.047022109522442616
2024-06-27,195.17,198.72,194.05,197.42,197.42,72746500,TSLA,"Tesla, Inc.",187.59428571428572,181.0585,4.276163918206237,6.978418818796651,195.01533763759332,167.1016623624067,183.15706327660732,0.005332804227602987
2024-06-28,199.55,203.2,195.26,197.88,197.88,95438100,TSLA,"Tesla, Inc.",189.4542857142857,182.01299999999998,4.9038386179883275,7.896913520984212,197.8068270419684,166.21917295803155,184.55924772645423,0.0023273473697660637
2024-07-01,201.02,213.23,200.85,209.86,209.86,135691400,TSLA,"Tesla, Inc.",193.49571428571429,183.602,6.295391860062779,9.985126096244484,203.57225219248897,163.63174780751103,186.96884318107766,0.05877985537025712
2024-07-02,218.89,231.3,218.06,231.26,231.26,205047900,TSLA,"Tesla, Inc.",200.38857142857142,186.35049999999998,9.021020276388185,14.438775817404665,215.2280516348093,157.47294836519066,191.18704859240358,0.09710197697105068
2024-07-03,234.56,248.35,234.25,246.39,246.39,166561500,TSLA,"Tesla, Inc.",209.5042857142857,189.9315,12.260632052410813,19.43308228524925,228.7976645704985,151.0653354295015,196.4444725359842,0.06337302771939497
2024-07-05,249.81,252.37,242.46,251.52,251.52,154501200,TSLA,"Tesla, Inc.",218.67142857142858,193.7575,15.068297893426717,23.455082688990288,240.66766537798057,146.84733462201942,201.68976086589046,0.02060686282063127
2024-07-08,247.71,259.44,244.57,252.94,252.94,157219600,TSLA,"Tesla, Inc.",226.75285714285715,197.5075,17.209593946719167,26.58036688887816,250.6682337777563,144.34676622224367,206.57073602151993,0.0056297972109885675
2024-07-09,251.0,265.61,250.3,262.33,262.33,160210900,TSLA,"Tesla, Inc.",236.02571428571426,201.75,19.44018665004839,29.792865447602512,261.335730895205,142.16426910479498,211.88114211470852,0.0364509467364302
2024-07-10,262.8,267.59,257.86,263.26,263.26,128519400,TSLA,"Tesla, Inc.",245.3657142857143,206.22349999999997,21.040449461488095,32.008351093688674,270.24020218737735,142.20679781262263,216.77436667521246,0.003538883809001115
2024-07-11,263.3,271.0,239.65,241.03,241.03,221707300,TSLA,"Tesla, Inc.",249.81857142857143,209.74200000000002,20.28110608627432,31.76002893409787,273.26205786819577,146.22194213180427,219.0844269918589,-0.08822072992596335
2024-07-12,235.8,251.84,233.09,248.23,248.23,155955800,TSLA,"Tesla, Inc.",252.2428571428571,213.289,20.029414198727665,31.90599595522341,277.1009919104468,149.47700808955318,221.86019584977709,0.029434328660901097
2024-07-15,255.97,265.6,251.73,252.64,252.64,146912900,TSLA,"Tesla, Inc.",253.1357142857143,216.79749999999999,19.95575913926828,32.1954213604814,281.1883427209628,152.40665727903718,224.79160576884595,0.017609814775132477
2024-07-16,255.31,258.62,245.8,256.56,256.56,126332500,TSLA,"Tesla, Inc.",253.85571428571424,220.72499999999997,19.983342677990777,32.00529487444216,284.7355897488843,156.71441025111565,227.81716712419396,0.015397004877567575
2024-07-17,252.73,258.47,246.18,248.5,248.5,115584800,TSLA,"Tesla, Inc.",253.22142857142856,223.77799999999996,19.134260348750672,31.572458284163673,286.9229165683273,160.63308343167262,229.7869607314136,-0.031919709848216064
2024-07-18,251.09,257.14,247.2,249.23,249.23,110869000,TSLA,"Tesla, Inc.",251.34999999999997,226.99650000000003,18.309204274858843,30.664226590090482,288.324953180181,165.66804681981907,231.63867875699324,0.0029333193636387144
2024-07-19,247.79,249.44,236.83,239.2,239.2,87403900,TSLA,"Tesla, Inc.",247.91285714285715,229.878,16.65402696027286,28.823326372191758,287.5246527443835,172.23134725561647,232.35880458966056,-0.04107614282384559
2024-07-22,244.21,253.21,243.75,251.51,251.51,101225400,TSLA,"Tesla, Inc.",249.41,233.30300000000003,16.149440437901802,26.971349535932806,287.24569907186566,179.36030092813442,234.18272796207384,0.05018272810426403
2024-07-23,253.6,255.76,245.63,246.38,246.38,111928200,TSLA,"Tesla, Inc.",249.14571428571426,236.493,15.160839140455465,24.2967221310978,285.0864442621956,187.8995557378044,235.3443729180668,-0.020607690646912584
2024-07-24,225.42,225.99,214.71,215.99,215.99,167942900,TSLA,"Tesla, Inc.",243.91,237.925,11.78924736450233,21.98158260190103,281.8881652038021,193.96183479619793,233.50109930682234,-0.13164294921766592
2024-07-25,216.8,226.0,216.23,220.25,220.25,100636500,TSLA,"Tesla, Inc.",238.72285714285712,239.119,9.353165518789723,20.180350500320273,279.47970100064055,198.75829899935945,232.23908984902974,0.01953115450012673
2024-07-26,221.19,222.28,215.33,219.8,219.8,94604100,TSLA,"Tesla, Inc.",234.62285714285716,240.238,7.302068169370585,18.27719073196475,276.7923814639295,203.6836185360705,231.05441462531263,-0.0020452228467678847
2024-07-29,224.9,234.27,224.7,232.1,232.1,129201800,TSLA,"Tesla, Inc.",232.1757142857143,241.94899999999998,6.593065195673319,15.492841776632696,272.93468355326536,210.96331644673458,231.1539941848067,0.05445027131087038
2024-07-30,232.25,232.41,220.0,222.62,222.62,100560300,TSLA,"Tesla, Inc.",229.80714285714288,242.587,5.206204573025303,14.320210635027845,271.2274212700557,213.9465787299443,230.3412328338727,-0.0417020312153116
2024-07-31,227.9,234.68,226.79,232.07,232.07,67497000,TSLA,"Tesla, Inc.",227.03,242.6275,4.814149047326424,14.287598183112895,271.2026963662258,214.05230363377422,230.50587732588482,0.04157276822958756
2024-08-01,227.69,231.87,214.33,216.86,216.86,83861900,TSLA,"Tesla, Inc.",222.81285714285715,241.15099999999998,3.2387876064247223,15.363628237872888,271.87825647574573,210.4237435242542,229.20626996151483,-0.06778706625063126
2024-08-02,214.88,216.13,205.78,207.67,207.67,82880100,TSLA,"Tesla, Inc.",221.62428571428572,238.95850000000002,1.2345153936792599,16.86182305027943,272.6821461005589,205.23485389944116,227.15519663184676,-0.04330170268914835
2024-08-05,185.22,203.88,182.0,198.88,198.88,100308800,TSLA,"Tesla, Inc.",218.57142857142858,236.25549999999998,-1.0510484811917422,18.731875584007206,273.7192511680144,198.79174883198556,224.46232076214707,-0.043248653592486655
2024-08-06,200.75,202.9,192.67,200.64,200.64,73783900,TSLA,"Tesla, Inc.",215.8342857142857,233.171,-2.689355807871948,19.283319189064894,271.73763837812976,194.6043616218702,222.19352830860925,0.008810629682154906
2024-08-07,200.77,203.49,191.48,191.76,191.76,71159800,TSLA,"Tesla, Inc.",210.07142857142858,229.59599999999995,-4.650658063158488,20.024973986447176,269.6459479728943,189.5460520271056,219.29509704112266,-0.04526766731842688
2024-08-08,195.7,200.7,192.04,198.84,198.84,65033900,TSLA,"Tesla, Inc.",206.67428571428573,227.48649999999998,-5.569505607178883,20.957585556748022,269.40167111349604,185.57132888650392,217.34699256101572,0.03625589110034289
2024-08-09,197.05,200.88,195.11,200.0,200.0,58648300,TSLA,"Tesla, Inc.",202.09285714285713,225.075,-6.133394644719914,21.218283699627737,267.51156739925545,182.63843260074452,215.69489803139518,0.005816885321564832
2024-08-12,199.02,199.26,194.67,197.49,197.49,64044900,TSLA,"Tesla, Inc.",199.32571428571427,222.31749999999997,-6.705519735161232,21.030207065326792,264.37791413065355,180.25708586934638,213.96109821888138,-0.012629416400141601
2024-08-13,198.47,208.49,197.06,207.83,207.83,76247400,TSLA,"Tesla, Inc.",199.34857142857143,219.88100000000003,-6.252506404479533,19.630441960866367,259.14188392173276,180.6201160782673,213.37718410279743,0.0510324876830867
2024-08-14,207.39,208.44,198.75,201.38,201.38,70250000,TSLA,"Tesla, Inc.",199.7057142857143,217.525,-6.340857710589518,18.82601209972372,255.17702419944743,179.87297580055258,212.23459514062625,-0.031526767343513
2024-08-15,205.02,215.88,204.82,214.14,214.14,89848500,TSLA,"Tesla, Inc.",201.6342857142857,215.7705,-5.319926594743038,17.28802703272435,250.3465540654487,181.1944459345513,212.4160622700904,0.061436336242655154
2024-08-16,211.15,219.8,210.8,216.12,216.12,88765100,TSLA,"Tesla, Inc.",205.1142857142857,214.6165,-4.301477126832083,16.388680392270697,247.3938607845414,181.8391392154586,212.7688182443675,0.009203802245741216
2024-08-19,217.07,222.98,214.09,222.72,222.72,76435200,TSLA,"Tesla, Inc.",208.5257142857143,213.177,-2.9280312231772427,14.079251662230481,241.33550332446094,185.01849667553904,213.71654984014202,0.030081568170189775
2024-08-20,224.88,228.22,219.56,221.1,221.1,74001200,TSLA,"Tesla, Inc.",211.54,211.913,-1.947832509793244,11.90900150483258,235.73100300966516,188.09499699033486,214.4197355696523,-0.007300289282654203
2024-08-21,222.67,224.66,218.86,223.27,223.27,70146000,TSLA,"Tesla, Inc.",215.22285714285712,212.277,-0.9845676202781988,12.149012565463446,236.5750251309269,187.97897486907308,215.26261789635208,0.00976671354694504
2024-08-22,223.82,224.8,210.32,210.66,210.66,79514500,TSLA,"Tesla, Inc.",215.62714285714284,211.79749999999999,-1.2245786883758285,12.00618080954882,235.80986161909763,187.78513838090234,214.82427333479473,-0.05813634200194986
2024-08-23,214.46,221.48,214.21,220.32,220.32,81525200,TSLA,"Tesla, Inc.",218.33285714285714,211.82349999999997,-0.628067944710125,12.024971069009924,235.8734421380198,187.77355786198012,215.34767587433808,0.04483557557194891
2024-08-26,218.75,219.09,211.01,213.21,213.21,59301200,TSLA,"Tesla, Inc.",218.2,210.879,-0.7207382401890072,11.05094180316058,232.98088360632116,188.77711639367882,215.14408769582968,-0.03280343947343112
2024-08-27,213.25,215.66,206.94,209.21,209.21,62821400,TSLA,"Tesla, Inc.",217.21285714285713,210.20850000000002,-1.1042179504338776,10.70240025955812,231.61330051911625,188.80369948088378,214.57893648670304,-0.018939063311356526
2024-08-28,209.72,211.84,202.59,205.75,205.75,64116400,TSLA,"Tesla, Inc.",214.78857142857143,208.89249999999998,-1.6680927325295443,9.413321956841745,227.71914391368347,190.0658560863165,213.73808539273134,-0.016676692638377802
2024-08-29,209.8,214.89,205.97,206.28,206.28,62308800,TSLA,"Tesla, Inc.",212.67142857142858,208.36350000000002,-2.048586163145501,9.237649664053665,226.83879932810734,189.8882006718927,213.02779154580455,0.002572629625579096
2024-08-30,208.63,214.57,207.03,214.11,214.11,63370600,TSLA,"Tesla, Inc.",211.36285714285714,208.6855,-1.6987324559284218,9.324040503761799,227.33358100752358,190.0374189924764,213.1308590176327,0.037255432468327625
2024-09-03,215.26,219.9,209.64,210.6,210.6,76714200,TSLA,"Tesla, Inc.",211.3542857142857,209.2715,-1.685271774138073,9.03928983878017,227.35007967756036,191.19292032243965,212.8898248254772,-0.016529301951210697
2024-09-04,210.59,222.22,210.57,219.41,219.41,80651800,TSLA,"Tesla, Inc.",211.22428571428574,210.20999999999998,-0.952728256790806,9.070302031761049,228.35060406352207,192.0693959364779,213.51079388971746,0.04098152595398335
2024-09-05,223.49,235.0,222.25,230.17,230.17,119355000,TSLA,"Tesla, Inc.",213.64714285714285,212.13049999999998,0.49040672981220723,9.024440192581075,230.17938038516212,194.08161961483785,215.0973849478396,0.04787604068174408
2024-09-06,232.6,233.6,210.51,210.73,210.73,112177000,TSLA,"Tesla, Inc.",213.8642857142857,212.725,0.06471013265147008,8.477913410118814,229.68082682023763,195.76917317976236,214.68144352423585,-0.08824047312648117
2024-09-09,216.2,219.87,213.67,216.27,216.27,67443500,TSLA,"Tesla, Inc.",215.36714285714285,213.53850000000003,0.17238704219619194,7.957224638488393,229.45294927697682,197.62405072302323,214.83273461716578,0.025949933875475496
2024-09-10,220.07,226.4,218.64,226.17,226.17,78891100,TSLA,"Tesla, Inc.",218.20857142857145,214.9725,1.0445283583102025,7.482978491567432,229.93845698313487,200.00654301686512,215.9124741774357,0.04475930180712323
2024-09-11,224.55,228.47,216.8,228.13,228.13,83548600,TSLA,"Tesla, Inc.",220.21142857142857,215.9875,1.8722797785327145,7.8317987951950245,231.65109759039007,200.32390240960996,217.07604806529898,0.008628713013063425
2024-09-12,224.66,231.45,223.83,229.81,229.81,72020000,TSLA,"Tesla, Inc.",222.9557142857143,217.40900000000002,2.6334835433391675,7.618100260494338,232.6452005209887,202.17279947901133,218.28880539241334,0.007337238664031241
2024-09-13,228.0,232.67,226.32,230.29,230.29,59515100,TSLA,"Tesla, Inc.",224.51,218.2165,3.2381476491750902,8.094397851535561,234.40529570307112,202.02770429692887,219.4317763074216,0.002086503691110136
2024-09-16,229.3,229.96,223.53,226.78,226.78,54323000,TSLA,"Tesla, Inc.",224.0257142857143,218.74949999999998,3.394985365722647,8.297503413360717,235.3445068267214,202.15449317327855,220.13160713528617,-0.015358999716231014
2024-09-17,229.45,234.57,226.55,227.87,227.87,66761600,TSLA,"Tesla, Inc.",226.47428571428574,219.007,3.566126193607772,8.50453507501151,236.01607015002304,201.99792984997697,220.8685969319256,0.0047949063603207175
2024-09-18,230.09,235.68,226.88,227.2,227.2,78010200,TSLA,"Tesla, Inc.",228.03571428571428,219.31199999999998,3.6061239796305244,8.690888513718859,236.6937770274377,201.93022297256226,221.47158770031365,-0.0029446040570182087
2024-09-19,234.0,244.24,232.13,243.92,243.92,102694600,TSLA,"Tesla, Inc.",230.57142857142858,220.34449999999998,4.930155020193865,10.26918255087293,240.88286510174584,199.80613489825413,223.60953172885522,0.07100961583300303
2024-09-20,241.52,243.99,235.92,238.25,238.25,99879100,TSLA,"Tesla, Inc.",232.01714285714283,221.724,5.4590094819435535,10.74200579133372,243.20801158266744,200.23998841733254,225.0038620403928,-0.023519760145687744
2024-09-23,242.61,250.0,241.92,250.0,250.0,86927200,TSLA,"Tesla, Inc.",234.90142857142857,223.208,6.748465148762364,12.45188406796735,248.1117681359347,198.3042318640653,227.3844466079744,0.04814037532793503
2024-09-24,254.08,257.19,249.05,254.27,254.27,88491000,TSLA,"Tesla, Inc.",238.32714285714286,225.26100000000002,8.022443632466405,14.004755921509155,253.27051184301834,197.2514881569817,229.94497550245302,0.01693577670620229
2024-09-25,252.54,257.05,252.28,257.02,257.02,65034300,TSLA,"Tesla, Inc.",242.64714285714285,227.6515,9.14852428343147,15.154016759505069,257.95953351901017,197.34346648098986,232.52354926412414,0.010757208310546294
2024-09-26,260.6,261.75,251.53,254.22,254.22,67142200,TSLA,"Tesla, Inc.",246.41142857142856,230.075,9.703162693350777,15.341691905598513,260.758383811197,199.39161618880297,234.58987790563611,-0.01095386901247214
2024-09-27,257.38,260.7,254.12,260.46,260.46,70988100,TSLA,"Tesla, Inc.",251.16285714285712,232.78400000000002,10.524908881255072,15.69823201577307,264.18046403154614,201.38753596845388,237.0536990574803,0.024249264673034204
2024-09-30,259.04,264.86,255.77,261.63,261.63,80705700,TSLA,"Tesla, Inc.",253.69285714285712,235.16,11.14211847142218,16.307442924530847,267.77488584906166,202.5451141509383,239.39429914724408,0.004481993367446811
2024-10-01,262.67,263.98,248.53,258.02,258.02,87397600,TSLA,"Tesla, Inc.",256.51714285714286,237.531,11.210734321593861,15.992883910960579,269.5167678219212,205.54523217807883,241.1681754189351,-0.013894190610013485
2024-10-02,247.55,251.16,241.5,249.02,249.02,93983900,TSLA,"Tesla, Inc.",256.3771428571428,239.0115,10.418786804530754,15.59261507894001,270.19673015788004,207.82626984211998,241.91596823617937,-0.0355038867727239
2024-10-03,244.48,249.79,237.81,240.66,240.66,80729200,TSLA,"Tesla, Inc.",254.43285714285713,239.536,9.012687903076397,15.455380054581838,270.4467601091637,208.62523989083633,241.79635221368608,-0.03414806551425008
2024-10-04,246.69,250.96,244.58,250.08,250.08,86573200,TSLA,"Tesla, Inc.",253.44142857142856,241.50349999999997,8.559787762015844,14.034686082026873,269.5728721640537,213.43412783594624,242.5852710504779,0.038395717663150135
2024-10-07,249.0,249.83,240.7,240.83,240.83,68113300,TSLA,"Tesla, Inc.",251.5285714285714,242.7315,7.369512292387014,12.72386951859777,268.17923903719554,217.28376096280448,242.4181023790038,-0.03768957628092393
2024-10-08,243.56,246.21,240.56,244.5,244.5,56303200,TSLA,"Tesla, Inc.",249.2485714285714,243.648,6.64574077296399,12.113683259242348,267.87536651848467,219.4206334815153,242.6163783429082,0.015124018522684118
2024-10-09,243.82,247.43,239.51,241.05,241.05,66289500,TSLA,"Tesla, Inc.",246.30857142857144,244.294,5.727734701929279,11.57510959366036,267.44421918732075,221.1437808126793,242.4671994531074,-0.01421092806329535
2024-10-10,241.81,242.79,232.34,238.77,238.77,83087100,TSLA,"Tesla, Inc.",243.55857142857144,244.74199999999996,4.761345504372969,11.150629720239097,267.04325944047815,222.44074055952177,242.11508521947815,-0.009503635365763584
2024-10-11,220.13,223.34,214.38,217.8,217.8,142628900,TSLA,"Tesla, Inc.",239.09857142857143,244.11749999999998,2.2771221102263155,12.29378399842721,268.7050679968544,219.52993200314555,239.79936281762306,-0.09192353498700753
2024-10-14,220.13,221.91,213.74,219.16,219.16,86291900,TSLA,"Tesla, Inc.",236.02714285714288,243.73649999999998,0.4133331591401941,12.959430735953841,269.65536147190767,217.8176385280923,237.83370921594468,0.006224846171354841
2024-10-15,220.01,224.26,217.12,219.57,219.57,62988800,TSLA,"Tesla, Inc.",231.66857142857143,243.32150000000001,-1.0189041462308808,13.610791877267875,270.54308375453576,216.09991624546427,236.09430833823566,0.001869031611030553
2024-10-16,221.4,222.82,218.93,221.33,221.33,49632800,TSLA,"Tesla, Inc.",228.88285714285712,243.02800000000002,-1.9890170875189597,14.033456114810107,271.09491222962026,214.9610877703798,234.6881837345942,0.007983712172708319
2024-10-17,221.59,222.08,217.9,220.89,220.89,50791800,TSLA,"Tesla, Inc.",225.51,241.8765,-2.761509937958124,14.875971892176592,271.6284437843532,212.1245562156468,233.37407099796616,-0.0019899604052187403
2024-10-18,220.71,222.28,219.23,220.7,220.7,49611900,TSLA,"Tesla, Inc.",222.60285714285715,240.99900000000002,-3.3504258756189245,15.60109439481012,272.2011887896203,209.7968112103798,232.16701661720748,-0.000860526786044482
2024-10-21,218.9,220.48,215.73,218.85,218.85,47329000,TSLA,"Tesla, Inc.",219.75714285714284,239.4415,-3.921224107397393,16.19865630392282,271.8388126078456,207.04418739215436,230.89872932033057,-0.008417749625786385
2024-10-22,217.31,218.22,215.26,217.97,217.97,43268700,TSLA,"Tesla, Inc.",219.78142857142856,237.6265,-4.393943814831829,16.48091281165127,270.5883256233025,204.66467437669746,229.66742176601338,-0.004029124996483115
2024-10-23,217.13,218.72,212.11,213.65,213.65,80938900,TSLA,"Tesla, Inc.",218.99428571428572,235.458,-5.058850208806632,16.647279088566407,268.7525581771328,202.16344182286718,228.14195302639305,-0.02001827655038726
2024-10-24,244.68,262.12,242.65,260.48,260.48,204491900,TSLA,"Tesla, Inc.",224.8385714285714,235.77100000000002,-1.786411056407303,17.072037124459875,269.9150742489198,201.62692575108025,231.22176702387944,0.19818692072414162
2024-10-25,256.01,269.49,255.32,269.19,269.19,161611900,TSLA,"Tesla, Inc.",231.6757142857143,236.20749999999998,1.492638547967175,17.831236304807454,271.8699726096149,200.5450273903851,234.8377892120814,0.03289136716390039
2024-10-28,270.0,273.54,262.24,262.51,262.51,107653600,TSLA,"Tesla, Inc.",237.62142857142857,236.2515,3.5118068870301613,17.898229925712563,272.0479598514251,200.45504014857488,237.47323785854982,-0.025128273433907493
2024-10-29,264.51,264.98,255.51,259.52,259.52,80521800,TSLA,"Tesla, Inc.",243.16714285714284,236.32649999999998,4.815237273623325,17.997118270784913,272.32073654156983,200.33226345843016,239.57292949106886,-0.011455405617120409
2024-10-30,258.04,263.35,255.82,257.55,257.55,53993600,TSLA,"Tesla, Inc.",248.69571428571427,236.753,5.624417920969847,18.410098801872987,273.57319760374594,199.932802396254,241.28503144430042,-0.007619894915453808
2024-10-31,257.99,259.75,249.25,249.85,249.85,66575300,TSLA,"Tesla, Inc.",253.25,237.2125,5.580050417654803,18.62616577065118,274.4648315413024,199.96016845869764,242.10074273531941,-0.03035313822138033
2024-11-01,252.04,254.0,246.63,248.98,248.98,57544800,TSLA,"Tesla, Inc.",258.29714285714283,237.15749999999997,5.412297525682561,18.587754847295198,274.3330096945904,199.98199030540957,242.75591009386042,-0.0034881658365741998
2024-11-04,244.56,248.9,238.88,242.84,242.84,68802400,TSLA,"Tesla, Inc.",255.77714285714282,237.25799999999998,4.729388023132401,18.614071530628557,274.4861430612571,200.02985693874285,242.76391865634992,-0.024969781691406588
2024-11-05,247.34,255.28,246.21,251.44,251.44,69282500,TSLA,"Tesla, Inc.",253.24142857142857,237.60500000000002,4.826488691810965,18.819731946186266,275.24446389237255,199.96553610762749,243.5902121176499,0.034801602227078884
2024-11-06,284.67,289.59,275.62,288.53,288.53,165228700,TSLA,"Tesla, Inc.",256.9585714285714,239.97899999999998,7.806308432891797,22.00267206260921,283.9843441252184,195.97365587478157,247.87019191596895,0.13759467418784072
2024-11-07,288.89,299.75,285.52,296.91,296.91,117309200,TSLA,"Tesla, Inc.",262.3,242.88600000000002,10.720454287779717,25.411247074764415,293.70849414952886,192.0635058504712,252.5406498287338,0.028629995899556747
2024-11-08,299.14,328.71,297.66,321.22,321.22,204782800,TSLA,"Tesla, Inc.",271.3957142857143,248.05700000000002,14.820705834626011,30.123449005716207,308.3038980114324,187.8101019885676,259.08154032123537,0.07869718405804184
2024-11-11,346.3,358.64,336.0,350.0,350.0,210521600,TSLA,"Tesla, Inc.",285.70285714285717,254.59900000000002,20.160097150991305,36.95118029594103,328.5013605918821,180.69663940811796,267.7404412430225,0.08580690784870816
2024-11-12,342.74,345.84,323.31,328.49,328.49,155726000,TSLA,"Tesla, Inc.",297.06142857142856,260.04499999999996,22.39773881308963,39.45822274387487,338.9614454877497,181.12855451225022,273.52611350559175,-0.06342675842244742
2024-11-13,335.85,344.6,322.5,330.24,330.24,125405600,TSLA,"Tesla, Inc.",309.54714285714283,265.4905,24.035233120282385,41.305978218399886,348.1024564367998,182.87854356320022,278.9274360288687,0.005313266792131249
2024-11-14,327.69,329.98,310.37,311.18,311.18,120726100,TSLA,"Tesla, Inc.",318.0814285714286,270.005,23.523808624547087,41.10846019981747,352.22192039963494,187.78807960036505,281.9991087880241,-0.059448139966326516
2024-11-15,310.57,324.68,309.22,320.72,320.72,114440300,TSLA,"Tesla, Inc.",322.68,275.006,23.616067966924845,40.87788791021345,356.76177582042686,193.25022417957308,285.6868127129742,0.03019694544743496
2024-11-18,340.73,348.55,330.01,338.74,338.74,126547500,TSLA,"Tesla, Inc.",328.6557142857143,281.0005,24.856714825290055,40.999922012120614,363.0003440242412,199.00065597575878,290.73949721650047,0.05466438312872356
2024-11-19,335.76,347.38,332.75,346.0,346.0,88852500,TSLA,"Tesla, Inc.",332.19571428571425,287.402,26.124609488393332,40.63404426935843,368.67008853871687,206.13391146128313,296.00240224350046,0.021205923594749043
2024-11-20,345.0,346.6,334.3,342.03,342.03,66340700,TSLA,"Tesla, Inc.",331.0571428571429,293.821,26.50356274879175,38.451729945341086,370.72445989068217,216.91754010931786,300.3859829822147,-0.01154032254398627
2024-11-21,343.81,347.99,335.28,339.64,339.64,58011700,TSLA,"Tesla, Inc.",332.65000000000003,297.779,26.30777327760768,38.91057113839059,375.6001422767812,219.9578577232188,304.1244607934324,-0.00701221938257535
2024-11-22,341.09,361.53,337.7,352.56,352.56,89140700,TSLA,"Tesla, Inc.",335.8385714285714,301.9475,26.885228554855416,40.133145230004025,382.21379046000806,221.68120953999193,308.73736928929594,0.03733458740256899
2024-11-25,360.14,361.93,338.2,338.59,338.59,95890900,TSLA,"Tesla, Inc.",339.75428571428574,305.75149999999996,25.91685045520785,39.80258233820307,385.3566646764061,226.14633532359383,311.5804769760297,-0.04043088464352647
2024-11-26,341.0,346.96,335.66,338.23,338.23,62295900,TSLA,"Tesla, Inc.",342.2557142857143,309.687,24.834082993031416,38.871179839377426,387.42935967875485,231.94464032124517,314.1185267878364,-0.0010637984514345806
2024-11-27,341.8,342.55,326.59,332.89,332.89,57896400,TSLA,"Tesla, Inc.",341.42,313.454,23.276768508499686,37.16585195551024,387.7857039110205,239.1222960889795,315.9062861413758,-0.015914032359738598
2024-11-29,336.08,345.45,334.65,345.16,345.16,37167600,TSLA,"Tesla, Inc.",341.3,318.21950000000004,22.770191422231278,34.60324923517348,387.425998470347,249.01300152965308,318.69235412791147,0.036195972561074916
2024-12-02,352.38,360.0,351.15,357.09,357.09,77986500,TSLA,"Tesla, Inc.",343.45142857142855,323.625,23.065492093420062,31.525036917211228,386.67507383442245,260.57492616557755,322.3492727823961,0.033979773207791275
2024-12-03,351.8,355.69,348.2,351.42,351.42,58267200,TSLA,"Tesla, Inc.",345.13428571428574,329.054,22.581690715081663,25.69005140229542,380.4341028045908,277.67389719540915,325.1179134697869,-0.016005761518152098
2024-12-04,353.0,358.1,348.6,357.93,357.93,50810900,TSLA,"Tesla, Inc.",345.90142857142854,334.3785,22.464619085727293,18.893720002325185,372.16594000465034,296.5910599953496,328.24287409171194,0.01835534722607267
2024-12-05,359.87,375.43,359.5,369.49,369.49,81403600,TSLA,"Tesla, Inc.",350.3157142857143,338.4265,23.03905448625335,17.145640622862892,372.71778124572575,304.1352187542742,332.1711717972632,0.03178623986675331
2024-12-06,377.42,389.49,370.8,389.22,389.22,81455800,TSLA,"Tesla, Inc.",357.59999999999997,343.04200000000003,24.800460518161174,17.793833822569173,378.6296676451384,307.45433235486166,337.6043935308572,0.05202106003044711
2024-12-09,397.61,404.8,378.01,389.79,389.79,96359200,TSLA,"Tesla, Inc.",365.7285714285714,346.4705,25.943323243807924,19.854567941857535,386.1796358837151,306.76136411628494,342.5744512898232,0.0014633961097356308
2024-12-10,392.68,409.73,390.85,400.99,400.99,97563600,TSLA,"Tesla, Inc.",373.70428571428573,349.02,27.43652539929974,23.305514368920097,395.63102873784015,302.4089712621598,348.1378368812686,0.028328356777005702
2024-12-11,409.7,424.88,402.38,424.77,424.77,104287600,TSLA,"Tesla, Inc.",383.3728571428572,353.834,30.190726228824076,28.259029930829502,410.35205986165903,297.315940138341,355.4361381306716,0.057611356625228746
2024-12-12,424.84,429.3,415.0,418.1,418.1,87752200,TSLA,"Tesla, Inc.",392.8985714285714,358.227,31.472442249348035,31.085921352209052,420.3988427044181,296.05515729558186,361.4041249753696,-0.015827207602469726
2024-12-13,420.0,436.3,415.71,436.23,436.23,89000200,TSLA,"Tesla, Inc.",404.0842857142857,364.47950000000003,33.56424320845542,33.59944258231139,431.6783851646228,297.28061483537726,368.53039878723916,0.04244898883098476
2024-12-16,441.09,463.19,436.15,463.02,463.02,114083800,TSLA,"Tesla, Inc.",417.44571428571425,371.5945,36.957714122759455,38.54757832177808,448.68965664355613,294.49934335644383,377.5294084265497,0.05960062250406257
2024-12-17,475.9,483.99,457.51,479.86,479.86,131223000,TSLA,"Tesla, Inc.",430.39428571428573,378.6505,40.53860769809444,44.64989992032082,467.95029984064166,289.3507001593584,387.2751790525926,0.035724144994708676
2024-12-18,466.5,488.54,427.01,440.13,440.13,149340800,TSLA,"Tesla, Inc.",437.58571428571435,383.357,39.71282793292272,45.96870137730362,475.2944027546073,291.41959724539277,392.30897152377423,-0.08642425687261293
2024-12-19,451.88,456.36,420.02,436.17,436.17,118566100,TSLA,"Tesla, Inc.",442.6114285714285,388.064,38.297384208837514,46.332598323085065,480.7291966461702,295.39880335382986,396.48621233103387,-0.009038062208218345
2024-12-20,425.51,447.08,417.64,421.06,421.06,132216200,TSLA,"Tesla, Inc.",442.0814285714286,392.135,35.54662477590648,45.42192555421395,482.9788511084279,301.2911488915721,398.8265730614116,-0.035256734269034695
2024-12-23,431.0,434.51,415.41,430.6,430.6,72698100,TSLA,"Tesla, Inc.",443.8671428571429,396.03700000000003,33.747407274027125,45.19474737761277,486.4264947552256,305.6475052447745,401.8526137222295,0.022404243587853444
2024-12-24,435.9,462.78,435.14,462.28,462.28,59551800,TSLA,"Tesla, Inc.",447.5885714285714,402.2215,34.4803575813977,45.38244215031,492.98638430062,311.45661569938,407.6076028915409,0.07099118317697786
2024-12-26,465.16,465.33,451.02,454.13,454.13,76366400,TSLA,"Tesla, Inc.",446.31857142857143,408.0165,34.011525399635104,44.16458145987837,496.34566291975676,319.68733708024325,412.03830737806084,-0.017787267442065515
2024-12-27,449.52,450.0,426.5,431.66,431.66,82666800,TSLA,"Tesla, Inc.",439.43285714285713,412.95500000000004,31.46413237518135,40.70881405918352,494.37262811836706,331.537371881633,413.90704000872176,-0.05074525933435054
2024-12-30,419.4,427.0,415.75,417.41,417.41,64941000,TSLA,"Tesla, Inc.",436.1871428571429,416.5675,27.97299388166141,37.45145993570481,491.4704198714096,341.6645801285904,414.2406552459864,-0.03356928914049653
2024-12-31,423.79,427.93,402.54,403.84,403.84,76825100,TSLA,"Tesla, Inc.",431.5685714285715,418.90500000000003,23.836483735665354,34.91701688891772,488.73903377783546,349.0709662221646,413.25011665113055,-0.033050192277534286
2025-01-02,390.1,392.73,373.04,379.28,379.28,109710700,TSLA,"Tesla, Inc.",425.59999999999997,420.29800000000006,18.36478508868072,32.559152420106116,485.4163048402123,355.1796951597878,410.014867446261,-0.0627440413189308
2025-01-03,381.48,411.88,379.45,410.44,410.44,95423300,TSLA,"Tesla, Inc.",422.71999999999997,422.9235,16.35425440983323,29.210143745478057,481.3437874909561,364.50321250904386,410.05535626090284,0.07895503640014548
2025-01-06,423.2,426.43,401.7,411.05,411.05,85516500,TSLA,"Tesla, Inc.",415.40142857142865,425.0015,14.64134001005425,26.56758695438596,478.13667390877197,371.8663260912281,410.15008423605497,0.0014851066041341062
2025-01-07,405.83,414.33,390.0,394.36,394.36,75699500,TSLA,"Tesla, Inc.",406.86285714285714,425.2585,11.801064169657025,26.225902879443765,477.71030575888756,372.8066942411125,408.646266689764,-0.04145066389130184
2025-01-08,392.95,402.5,387.4,394.94,394.94,73038800,TSLA,"Tesla, Inc.",401.6171428571429,425.51599999999996,9.487559574819784,25.882357819868368,477.2807156397367,373.75128436026324,407.34090795740553,0.0014696569223229571
2025-01-10,391.4,399.28,377.29,394.74,394.74,62287300,TSLA,"Tesla, Inc.",398.37857142857143,425.20349999999996,7.550909996815449,26.229470021933167,477.6624400438663,372.7445599561336,406.14082148527166,-0.0005065343032019352
2025-01-13,383.21,403.79,380.07,403.31,403.31,67580500,TSLA,"Tesla, Inc.",398.3028571428572,424.13050000000004,6.631188418643319,26.68315819605508,477.4968163921102,370.7641836078899,405.8712194390553,0.02147817668359859
2025-01-14,414.34,422.64,394.54,396.36,396.36,84565000,TSLA,"Tesla, Inc.",400.74285714285713,423.04350000000005,5.280623781401346,27.375584641676532,477.79466928335313,368.292330716647,404.96538901628816,-0.01738260781886155
2025-01-15,409.9,429.8,405.66,428.22,428.22,81375500,TSLA,"Tesla, Inc.",403.28285714285715,422.64300000000003,6.703849506850986,27.230724152960914,477.10444830592184,368.1815516940782,407.18011387187977,0.07731419302033243
2025-01-16,423.49,424.0,409.13,413.82,413.82,68335200,TSLA,"Tesla, Inc.",403.6785714285715,420.183,6.5937973030654575,25.562354742861856,471.3077094857237,369.0582905142763,407.81248397931984,-0.034205985539776225
2025-01-17,421.5,439.74,419.75,426.5,426.5,94991400,TSLA,"Tesla, Inc.",408.27000000000004,417.515,7.443941048782619,21.461644244654764,460.4382884893095,374.59171151069046,409.59224740986076,0.030181270260479013
2025-01-21,432.64,433.2,406.31,424.07,424.07,87320900,TSLA,"Tesla, Inc.",412.43142857142857,416.712,7.831330695156055,20.863055889599302,458.4381117791986,374.98588822080137,410.97108098987405,-0.005713830986724132
2025-01-22,416.81,428.0,414.59,415.11,415.11,60963300,TSLA,"Tesla, Inc.",415.34142857142854,415.659,7.3308373332531005,20.354556427697798,456.36811285539557,374.9498871446044,411.3652637527432,-0.021354990595606964
2025-01-23,416.06,420.73,408.95,412.38,412.38,50690600,TSLA,"Tesla, Inc.",416.63714285714286,415.225,6.637392820841967,20.325852477750622,455.8767049555013,374.57329504449876,411.461905300101,-0.0065982909878338734
2025-01-24,414.45,418.88,405.78,406.58,406.58,56427100,TSLA,"Tesla, Inc.",418.0971428571429,414.024,5.555777971279383,20.077694719839496,454.17938943967897,373.86861056032103,410.99696193818664,-0.0141645427686508
2025-01-27,394.8,406.69,389.0,397.15,397.15,58125500,TSLA,"Tesla, Inc.",413.65857142857146,410.76750000000004,3.8927945082742212,16.863472163850663,444.4944443277014,377.0405556722987,409.67820365835934,-0.02346666851377697
2025-01-28,396.91,400.59,386.5,398.09,398.09,48910700,TSLA,"Tesla, Inc.",411.41142857142853,407.96549999999996,2.620510661096148,13.62379052091629,435.21308104183254,380.7179189581674,408.574565214706,0.00236406729488047
2025-01-29,395.21,398.59,384.48,389.1,389.1,68033600,TSLA,"Tesla, Inc.",406.0685714285714,405.8375,0.8766927106165667,13.039324681815723,431.9161493636314,379.75885063636855,406.71984471806735,-0.022841730383513555
2025-01-30,410.78,412.5,384.41,400.28,400.28,98092900,TSLA,"Tesla, Inc.",402.67,404.981,0.39231462735625655,12.79956204020148,430.5801240804029,379.38187591959706,406.1065261734895,0.028327922231747238
